Tamaño de las explotaciones según SAU (Ha.)	Grupos de edad	Clase de titular	Sexo	Total
Todas las explotaciones	Todas las edades	Titulares	Ambos sexos	880,636
Todas las explotaciones	Todas las edades	Titulares	Hombres	595,170
Todas las explotaciones	Todas las edades	Titulares	Mujeres	285,467
Todas las explotaciones	Todas las edades	Titulares jefes de explotación	Ambos sexos	714,248
Todas las explotaciones	Todas las edades	Titulares jefes de explotación	Hombres	530,083
Todas las explotaciones	Todas las edades	Titulares jefes de explotación	Mujeres	184,165
Todas las explotaciones	Menos de 25 años	Titulares	Ambos sexos	1,684
Todas las explotaciones	Menos de 25 años	Titulares	Hombres	1,111
Todas las explotaciones	Menos de 25 años	Titulares	Mujeres	573
Todas las explotaciones	Menos de 25 años	Titulares jefes de explotación	Ambos sexos	1,637
Todas las explotaciones	Menos de 25 años	Titulares jefes de explotación	Hombres	1,100
Todas las explotaciones	Menos de 25 años	Titulares jefes de explotación	Mujeres	537
Todas las explotaciones	De 25 a 29 años	Titulares	Ambos sexos	6,553
Todas las explotaciones	De 25 a 29 años	Titulares	Hombres	5,079
Todas las explotaciones	De 25 a 29 años	Titulares	Mujeres	1,474
Todas las explotaciones	De 25 a 29 años	Titulares jefes de explotación	Ambos sexos	6,253
Todas las explotaciones	De 25 a 29 años	Titulares jefes de explotación	Hombres	4,884
Todas las explotaciones	De 25 a 29 años	Titulares jefes de explotación	Mujeres	1,369
Todas las explotaciones	De 30 a 34 años	Titulares	Ambos sexos	19,176
Todas las explotaciones	De 30 a 34 años	Titulares	Hombres	14,054
Todas las explotaciones	De 30 a 34 años	Titulares	Mujeres	5,123
Todas las explotaciones	De 30 a 34 años	Titulares jefes de explotación	Ambos sexos	16,184
Todas las explotaciones	De 30 a 34 años	Titulares jefes de explotación	Hombres	13,007
Todas las explotaciones	De 30 a 34 años	Titulares jefes de explotación	Mujeres	3,176
Todas las explotaciones	De 35 a 39 años	Titulares	Ambos sexos	33,404
Todas las explotaciones	De 35 a 39 años	Titulares	Hombres	24,181
Todas las explotaciones	De 35 a 39 años	Titulares	Mujeres	9,223
Todas las explotaciones	De 35 a 39 años	Titulares jefes de explotación	Ambos sexos	29,974
Todas las explotaciones	De 35 a 39 años	Titulares jefes de explotación	Hombres	23,102
Todas las explotaciones	De 35 a 39 años	Titulares jefes de explotación	Mujeres	6,872
Todas las explotaciones	De 40 a 44 años	Titulares	Ambos sexos	58,177
Todas las explotaciones	De 40 a 44 años	Titulares	Hombres	43,742
Todas las explotaciones	De 40 a 44 años	Titulares	Mujeres	14,436
Todas las explotaciones	De 40 a 44 años	Titulares jefes de explotación	Ambos sexos	53,625
Todas las explotaciones	De 40 a 44 años	Titulares jefes de explotación	Hombres	41,631
Todas las explotaciones	De 40 a 44 años	Titulares jefes de explotación	Mujeres	11,994
Todas las explotaciones	De 45 a 49 años	Titulares	Ambos sexos	78,750
Todas las explotaciones	De 45 a 49 años	Titulares	Hombres	53,752
Todas las explotaciones	De 45 a 49 años	Titulares	Mujeres	24,998
Todas las explotaciones	De 45 a 49 años	Titulares jefes de explotación	Ambos sexos	70,763
Todas las explotaciones	De 45 a 49 años	Titulares jefes de explotación	Hombres	51,769
Todas las explotaciones	De 45 a 49 años	Titulares jefes de explotación	Mujeres	18,994
Todas las explotaciones	De 50 a 54 años	Titulares	Ambos sexos	112,703
Todas las explotaciones	De 50 a 54 años	Titulares	Hombres	78,089
Todas las explotaciones	De 50 a 54 años	Titulares	Mujeres	34,614
Todas las explotaciones	De 50 a 54 años	Titulares jefes de explotación	Ambos sexos	101,432
Todas las explotaciones	De 50 a 54 años	Titulares jefes de explotación	Hombres	74,718
Todas las explotaciones	De 50 a 54 años	Titulares jefes de explotación	Mujeres	26,714
Todas las explotaciones	De 55 a 59 años	Titulares	Ambos sexos	95,583
Todas las explotaciones	De 55 a 59 años	Titulares	Hombres	62,924
Todas las explotaciones	De 55 a 59 años	Titulares	Mujeres	32,659
Todas las explotaciones	De 55 a 59 años	Titulares jefes de explotación	Ambos sexos	80,282
Todas las explotaciones	De 55 a 59 años	Titulares jefes de explotación	Hombres	58,810
Todas las explotaciones	De 55 a 59 años	Titulares jefes de explotación	Mujeres	21,472
Todas las explotaciones	De 60 a 64 años	Titulares	Ambos sexos	119,391
Todas las explotaciones	De 60 a 64 años	Titulares	Hombres	80,074
Todas las explotaciones	De 60 a 64 años	Titulares	Mujeres	39,317
Todas las explotaciones	De 60 a 64 años	Titulares jefes de explotación	Ambos sexos	104,736
Todas las explotaciones	De 60 a 64 años	Titulares jefes de explotación	Hombres	75,012
Todas las explotaciones	De 60 a 64 años	Titulares jefes de explotación	Mujeres	29,724
Todas las explotaciones	De 65 años y más	Titulares	Ambos sexos	355,215
Todas las explotaciones	De 65 años y más	Titulares	Hombres	232,164
Todas las explotaciones	De 65 años y más	Titulares	Mujeres	123,050
Todas las explotaciones	De 65 años y más	Titulares jefes de explotación	Ambos sexos	249,363
Todas las explotaciones	De 65 años y más	Titulares jefes de explotación	Hombres	186,050
Todas las explotaciones	De 65 años y más	Titulares jefes de explotación	Mujeres	63,313
Explotaciones sin tierras	Todas las edades	Titulares	Ambos sexos	9,877
Explotaciones sin tierras	Todas las edades	Titulares	Hombres	7,273
Explotaciones sin tierras	Todas las edades	Titulares	Mujeres	2,604
Explotaciones sin tierras	Todas las edades	Titulares jefes de explotación	Ambos sexos	9,059
Explotaciones sin tierras	Todas las edades	Titulares jefes de explotación	Hombres	6,920
Explotaciones sin tierras	Todas las edades	Titulares jefes de explotación	Mujeres	2,140
Explotaciones sin tierras	Menos de 25 años	Titulares	Ambos sexos	89
Explotaciones sin tierras	Menos de 25 años	Titulares	Hombres	85
Explotaciones sin tierras	Menos de 25 años	Titulares	Mujeres	4
Explotaciones sin tierras	Menos de 25 años	Titulares jefes de explotación	Ambos sexos	86
Explotaciones sin tierras	Menos de 25 años	Titulares jefes de explotación	Hombres	82
Explotaciones sin tierras	Menos de 25 años	Titulares jefes de explotación	Mujeres	4
Explotaciones sin tierras	De 25 a 29 años	Titulares	Ambos sexos	120
Explotaciones sin tierras	De 25 a 29 años	Titulares	Hombres	105
Explotaciones sin tierras	De 25 a 29 años	Titulares	Mujeres	15
Explotaciones sin tierras	De 25 a 29 años	Titulares jefes de explotación	Ambos sexos	113
Explotaciones sin tierras	De 25 a 29 años	Titulares jefes de explotación	Hombres	105
Explotaciones sin tierras	De 25 a 29 años	Titulares jefes de explotación	Mujeres	9
Explotaciones sin tierras	De 30 a 34 años	Titulares	Ambos sexos	491
Explotaciones sin tierras	De 30 a 34 años	Titulares	Hombres	382
Explotaciones sin tierras	De 30 a 34 años	Titulares	Mujeres	109
Explotaciones sin tierras	De 30 a 34 años	Titulares jefes de explotación	Ambos sexos	482
Explotaciones sin tierras	De 30 a 34 años	Titulares jefes de explotación	Hombres	381
Explotaciones sin tierras	De 30 a 34 años	Titulares jefes de explotación	Mujeres	101
Explotaciones sin tierras	De 35 a 39 años	Titulares	Ambos sexos	640
Explotaciones sin tierras	De 35 a 39 años	Titulares	Hombres	531
Explotaciones sin tierras	De 35 a 39 años	Titulares	Mujeres	110
Explotaciones sin tierras	De 35 a 39 años	Titulares jefes de explotación	Ambos sexos	619
Explotaciones sin tierras	De 35 a 39 años	Titulares jefes de explotación	Hombres	524
Explotaciones sin tierras	De 35 a 39 años	Titulares jefes de explotación	Mujeres	95
Explotaciones sin tierras	De 40 a 44 años	Titulares	Ambos sexos	865
Explotaciones sin tierras	De 40 a 44 años	Titulares	Hombres	572
Explotaciones sin tierras	De 40 a 44 años	Titulares	Mujeres	293
Explotaciones sin tierras	De 40 a 44 años	Titulares jefes de explotación	Ambos sexos	822
Explotaciones sin tierras	De 40 a 44 años	Titulares jefes de explotación	Hombres	553
Explotaciones sin tierras	De 40 a 44 años	Titulares jefes de explotación	Mujeres	269
Explotaciones sin tierras	De 45 a 49 años	Titulares	Ambos sexos	1,140
Explotaciones sin tierras	De 45 a 49 años	Titulares	Hombres	1,006
Explotaciones sin tierras	De 45 a 49 años	Titulares	Mujeres	134
Explotaciones sin tierras	De 45 a 49 años	Titulares jefes de explotación	Ambos sexos	1,106
Explotaciones sin tierras	De 45 a 49 años	Titulares jefes de explotación	Hombres	992
Explotaciones sin tierras	De 45 a 49 años	Titulares jefes de explotación	Mujeres	115
Explotaciones sin tierras	De 50 a 54 años	Titulares	Ambos sexos	1,255
Explotaciones sin tierras	De 50 a 54 años	Titulares	Hombres	872
Explotaciones sin tierras	De 50 a 54 años	Titulares	Mujeres	383
Explotaciones sin tierras	De 50 a 54 años	Titulares jefes de explotación	Ambos sexos	1,165
Explotaciones sin tierras	De 50 a 54 años	Titulares jefes de explotación	Hombres	824
Explotaciones sin tierras	De 50 a 54 años	Titulares jefes de explotación	Mujeres	341
Explotaciones sin tierras	De 55 a 59 años	Titulares	Ambos sexos	1,046
Explotaciones sin tierras	De 55 a 59 años	Titulares	Hombres	811
Explotaciones sin tierras	De 55 a 59 años	Titulares	Mujeres	235
Explotaciones sin tierras	De 55 a 59 años	Titulares jefes de explotación	Ambos sexos	998
Explotaciones sin tierras	De 55 a 59 años	Titulares jefes de explotación	Hombres	788
Explotaciones sin tierras	De 55 a 59 años	Titulares jefes de explotación	Mujeres	210
Explotaciones sin tierras	De 60 a 64 años	Titulares	Ambos sexos	1,601
Explotaciones sin tierras	De 60 a 64 años	Titulares	Hombres	1,140
Explotaciones sin tierras	De 60 a 64 años	Titulares	Mujeres	461
Explotaciones sin tierras	De 60 a 64 años	Titulares jefes de explotación	Ambos sexos	1,560
Explotaciones sin tierras	De 60 a 64 años	Titulares jefes de explotación	Hombres	1,125
Explotaciones sin tierras	De 60 a 64 años	Titulares jefes de explotación	Mujeres	435
Explotaciones sin tierras	De 65 años y más	Titulares	Ambos sexos	2,629
Explotaciones sin tierras	De 65 años y más	Titulares	Hombres	1,769
Explotaciones sin tierras	De 65 años y más	Titulares	Mujeres	860
Explotaciones sin tierras	De 65 años y más	Titulares jefes de explotación	Ambos sexos	2,107
Explotaciones sin tierras	De 65 años y más	Titulares jefes de explotación	Hombres	1,547
Explotaciones sin tierras	De 65 años y más	Titulares jefes de explotación	Mujeres	560
Explotaciones con tierras	Todas las edades	Titulares	Ambos sexos	870,760
Explotaciones con tierras	Todas las edades	Titulares	Hombres	587,897
Explotaciones con tierras	Todas las edades	Titulares	Mujeres	282,862
Explotaciones con tierras	Todas las edades	Titulares jefes de explotación	Ambos sexos	705,189
Explotaciones con tierras	Todas las edades	Titulares jefes de explotación	Hombres	523,164
Explotaciones con tierras	Todas las edades	Titulares jefes de explotación	Mujeres	182,025
Explotaciones con tierras	Menos de 25 años	Titulares	Ambos sexos	1,595
Explotaciones con tierras	Menos de 25 años	Titulares	Hombres	1,026
Explotaciones con tierras	Menos de 25 años	Titulares	Mujeres	568
Explotaciones con tierras	Menos de 25 años	Titulares jefes de explotación	Ambos sexos	1,551
Explotaciones con tierras	Menos de 25 años	Titulares jefes de explotación	Hombres	1,018
Explotaciones con tierras	Menos de 25 años	Titulares jefes de explotación	Mujeres	532
Explotaciones con tierras	De 25 a 29 años	Titulares	Ambos sexos	6,434
Explotaciones con tierras	De 25 a 29 años	Titulares	Hombres	4,975
Explotaciones con tierras	De 25 a 29 años	Titulares	Mujeres	1,459
Explotaciones con tierras	De 25 a 29 años	Titulares jefes de explotación	Ambos sexos	6,140
Explotaciones con tierras	De 25 a 29 años	Titulares jefes de explotación	Hombres	4,780
Explotaciones con tierras	De 25 a 29 años	Titulares jefes de explotación	Mujeres	1,360
Explotaciones con tierras	De 30 a 34 años	Titulares	Ambos sexos	18,685
Explotaciones con tierras	De 30 a 34 años	Titulares	Hombres	13,671
Explotaciones con tierras	De 30 a 34 años	Titulares	Mujeres	5,014
Explotaciones con tierras	De 30 a 34 años	Titulares jefes de explotación	Ambos sexos	15,702
Explotaciones con tierras	De 30 a 34 años	Titulares jefes de explotación	Hombres	12,627
Explotaciones con tierras	De 30 a 34 años	Titulares jefes de explotación	Mujeres	3,075
Explotaciones con tierras	De 35 a 39 años	Titulares	Ambos sexos	32,763
Explotaciones con tierras	De 35 a 39 años	Titulares	Hombres	23,650
Explotaciones con tierras	De 35 a 39 años	Titulares	Mujeres	9,113
Explotaciones con tierras	De 35 a 39 años	Titulares jefes de explotación	Ambos sexos	29,355
Explotaciones con tierras	De 35 a 39 años	Titulares jefes de explotación	Hombres	22,578
Explotaciones con tierras	De 35 a 39 años	Titulares jefes de explotación	Mujeres	6,777
Explotaciones con tierras	De 40 a 44 años	Titulares	Ambos sexos	57,312
Explotaciones con tierras	De 40 a 44 años	Titulares	Hombres	43,169
Explotaciones con tierras	De 40 a 44 años	Titulares	Mujeres	14,142
Explotaciones con tierras	De 40 a 44 años	Titulares jefes de explotación	Ambos sexos	52,803
Explotaciones con tierras	De 40 a 44 años	Titulares jefes de explotación	Hombres	41,078
Explotaciones con tierras	De 40 a 44 años	Titulares jefes de explotación	Mujeres	11,725
Explotaciones con tierras	De 45 a 49 años	Titulares	Ambos sexos	77,610
Explotaciones con tierras	De 45 a 49 años	Titulares	Hombres	52,745
Explotaciones con tierras	De 45 a 49 años	Titulares	Mujeres	24,865
Explotaciones con tierras	De 45 a 49 años	Titulares jefes de explotación	Ambos sexos	69,657
Explotaciones con tierras	De 45 a 49 años	Titulares jefes de explotación	Hombres	50,777
Explotaciones con tierras	De 45 a 49 años	Titulares jefes de explotación	Mujeres	18,879
Explotaciones con tierras	De 50 a 54 años	Titulares	Ambos sexos	111,449
Explotaciones con tierras	De 50 a 54 años	Titulares	Hombres	77,218
Explotaciones con tierras	De 50 a 54 años	Titulares	Mujeres	34,231
Explotaciones con tierras	De 50 a 54 años	Titulares jefes de explotación	Ambos sexos	100,267
Explotaciones con tierras	De 50 a 54 años	Titulares jefes de explotación	Hombres	73,894
Explotaciones con tierras	De 50 a 54 años	Titulares jefes de explotación	Mujeres	26,373
Explotaciones con tierras	De 55 a 59 años	Titulares	Ambos sexos	94,537
Explotaciones con tierras	De 55 a 59 años	Titulares	Hombres	62,113
Explotaciones con tierras	De 55 a 59 años	Titulares	Mujeres	32,423
Explotaciones con tierras	De 55 a 59 años	Titulares jefes de explotación	Ambos sexos	79,284
Explotaciones con tierras	De 55 a 59 años	Titulares jefes de explotación	Hombres	58,022
Explotaciones con tierras	De 55 a 59 años	Titulares jefes de explotación	Mujeres	21,262
Explotaciones con tierras	De 60 a 64 años	Titulares	Ambos sexos	117,790
Explotaciones con tierras	De 60 a 64 años	Titulares	Hombres	78,934
Explotaciones con tierras	De 60 a 64 años	Titulares	Mujeres	38,856
Explotaciones con tierras	De 60 a 64 años	Titulares jefes de explotación	Ambos sexos	103,176
Explotaciones con tierras	De 60 a 64 años	Titulares jefes de explotación	Hombres	73,888
Explotaciones con tierras	De 60 a 64 años	Titulares jefes de explotación	Mujeres	29,288
Explotaciones con tierras	De 65 años y más	Titulares	Ambos sexos	352,585
Explotaciones con tierras	De 65 años y más	Titulares	Hombres	230,395
Explotaciones con tierras	De 65 años y más	Titulares	Mujeres	122,191
Explotaciones con tierras	De 65 años y más	Titulares jefes de explotación	Ambos sexos	247,256
Explotaciones con tierras	De 65 años y más	Titulares jefes de explotación	Hombres	184,503
Explotaciones con tierras	De 65 años y más	Titulares jefes de explotación	Mujeres	62,753
Explotaciones sin SAU	Todas las edades	Titulares	Ambos sexos	4,173
Explotaciones sin SAU	Todas las edades	Titulares	Hombres	3,329
Explotaciones sin SAU	Todas las edades	Titulares	Mujeres	844
Explotaciones sin SAU	Todas las edades	Titulares jefes de explotación	Ambos sexos	3,770
Explotaciones sin SAU	Todas las edades	Titulares jefes de explotación	Hombres	3,074
Explotaciones sin SAU	Todas las edades	Titulares jefes de explotación	Mujeres	695
Explotaciones sin SAU	Menos de 25 años	Titulares	Ambos sexos	7
Explotaciones sin SAU	Menos de 25 años	Titulares	Hombres	7
Explotaciones sin SAU	Menos de 25 años	Titulares	Mujeres	..
Explotaciones sin SAU	Menos de 25 años	Titulares jefes de explotación	Ambos sexos	7
Explotaciones sin SAU	Menos de 25 años	Titulares jefes de explotación	Hombres	7
Explotaciones sin SAU	Menos de 25 años	Titulares jefes de explotación	Mujeres	..
Explotaciones sin SAU	De 25 a 29 años	Titulares	Ambos sexos	92
Explotaciones sin SAU	De 25 a 29 años	Titulares	Hombres	68
Explotaciones sin SAU	De 25 a 29 años	Titulares	Mujeres	24
Explotaciones sin SAU	De 25 a 29 años	Titulares jefes de explotación	Ambos sexos	88
Explotaciones sin SAU	De 25 a 29 años	Titulares jefes de explotación	Hombres	67
Explotaciones sin SAU	De 25 a 29 años	Titulares jefes de explotación	Mujeres	21
Explotaciones sin SAU	De 30 a 34 años	Titulares	Ambos sexos	223
Explotaciones sin SAU	De 30 a 34 años	Titulares	Hombres	171
Explotaciones sin SAU	De 30 a 34 años	Titulares	Mujeres	51
Explotaciones sin SAU	De 30 a 34 años	Titulares jefes de explotación	Ambos sexos	199
Explotaciones sin SAU	De 30 a 34 años	Titulares jefes de explotación	Hombres	157
Explotaciones sin SAU	De 30 a 34 años	Titulares jefes de explotación	Mujeres	42
Explotaciones sin SAU	De 35 a 39 años	Titulares	Ambos sexos	269
Explotaciones sin SAU	De 35 a 39 años	Titulares	Hombres	218
Explotaciones sin SAU	De 35 a 39 años	Titulares	Mujeres	52
Explotaciones sin SAU	De 35 a 39 años	Titulares jefes de explotación	Ambos sexos	251
Explotaciones sin SAU	De 35 a 39 años	Titulares jefes de explotación	Hombres	200
Explotaciones sin SAU	De 35 a 39 años	Titulares jefes de explotación	Mujeres	52
Explotaciones sin SAU	De 40 a 44 años	Titulares	Ambos sexos	363
Explotaciones sin SAU	De 40 a 44 años	Titulares	Hombres	266
Explotaciones sin SAU	De 40 a 44 años	Titulares	Mujeres	97
Explotaciones sin SAU	De 40 a 44 años	Titulares jefes de explotación	Ambos sexos	357
Explotaciones sin SAU	De 40 a 44 años	Titulares jefes de explotación	Hombres	264
Explotaciones sin SAU	De 40 a 44 años	Titulares jefes de explotación	Mujeres	93
Explotaciones sin SAU	De 45 a 49 años	Titulares	Ambos sexos	711
Explotaciones sin SAU	De 45 a 49 años	Titulares	Hombres	598
Explotaciones sin SAU	De 45 a 49 años	Titulares	Mujeres	114
Explotaciones sin SAU	De 45 a 49 años	Titulares jefes de explotación	Ambos sexos	685
Explotaciones sin SAU	De 45 a 49 años	Titulares jefes de explotación	Hombres	578
Explotaciones sin SAU	De 45 a 49 años	Titulares jefes de explotación	Mujeres	107
Explotaciones sin SAU	De 50 a 54 años	Titulares	Ambos sexos	688
Explotaciones sin SAU	De 50 a 54 años	Titulares	Hombres	576
Explotaciones sin SAU	De 50 a 54 años	Titulares	Mujeres	112
Explotaciones sin SAU	De 50 a 54 años	Titulares jefes de explotación	Ambos sexos	668
Explotaciones sin SAU	De 50 a 54 años	Titulares jefes de explotación	Hombres	561
Explotaciones sin SAU	De 50 a 54 años	Titulares jefes de explotación	Mujeres	107
Explotaciones sin SAU	De 55 a 59 años	Titulares	Ambos sexos	508
Explotaciones sin SAU	De 55 a 59 años	Titulares	Hombres	352
Explotaciones sin SAU	De 55 a 59 años	Titulares	Mujeres	156
Explotaciones sin SAU	De 55 a 59 años	Titulares jefes de explotación	Ambos sexos	436
Explotaciones sin SAU	De 55 a 59 años	Titulares jefes de explotación	Hombres	341
Explotaciones sin SAU	De 55 a 59 años	Titulares jefes de explotación	Mujeres	95
Explotaciones sin SAU	De 60 a 64 años	Titulares	Ambos sexos	673
Explotaciones sin SAU	De 60 a 64 años	Titulares	Hombres	555
Explotaciones sin SAU	De 60 a 64 años	Titulares	Mujeres	119
Explotaciones sin SAU	De 60 a 64 años	Titulares jefes de explotación	Ambos sexos	611
Explotaciones sin SAU	De 60 a 64 años	Titulares jefes de explotación	Hombres	516
Explotaciones sin SAU	De 60 a 64 años	Titulares jefes de explotación	Mujeres	95
Explotaciones sin SAU	De 65 años y más	Titulares	Ambos sexos	639
Explotaciones sin SAU	De 65 años y más	Titulares	Hombres	519
Explotaciones sin SAU	De 65 años y más	Titulares	Mujeres	119
Explotaciones sin SAU	De 65 años y más	Titulares jefes de explotación	Ambos sexos	467
Explotaciones sin SAU	De 65 años y más	Titulares jefes de explotación	Hombres	384
Explotaciones sin SAU	De 65 años y más	Titulares jefes de explotación	Mujeres	83
Explotaciones con SAU	Todas las edades	Titulares	Ambos sexos	866,586
Explotaciones con SAU	Todas las edades	Titulares	Hombres	584,568
Explotaciones con SAU	Todas las edades	Titulares	Mujeres	282,019
Explotaciones con SAU	Todas las edades	Titulares jefes de explotación	Ambos sexos	701,419
Explotaciones con SAU	Todas las edades	Titulares jefes de explotación	Hombres	520,089
Explotaciones con SAU	Todas las edades	Titulares jefes de explotación	Mujeres	181,330
Explotaciones con SAU	Menos de 25 años	Titulares	Ambos sexos	1,588
Explotaciones con SAU	Menos de 25 años	Titulares	Hombres	1,019
Explotaciones con SAU	Menos de 25 años	Titulares	Mujeres	568
Explotaciones con SAU	Menos de 25 años	Titulares jefes de explotación	Ambos sexos	1,544
Explotaciones con SAU	Menos de 25 años	Titulares jefes de explotación	Hombres	1,011
Explotaciones con SAU	Menos de 25 años	Titulares jefes de explotación	Mujeres	532
Explotaciones con SAU	De 25 a 29 años	Titulares	Ambos sexos	6,342
Explotaciones con SAU	De 25 a 29 años	Titulares	Hombres	4,907
Explotaciones con SAU	De 25 a 29 años	Titulares	Mujeres	1,435
Explotaciones con SAU	De 25 a 29 años	Titulares jefes de explotación	Ambos sexos	6,052
Explotaciones con SAU	De 25 a 29 años	Titulares jefes de explotación	Hombres	4,713
Explotaciones con SAU	De 25 a 29 años	Titulares jefes de explotación	Mujeres	1,339
Explotaciones con SAU	De 30 a 34 años	Titulares	Ambos sexos	18,463
Explotaciones con SAU	De 30 a 34 años	Titulares	Hombres	13,500
Explotaciones con SAU	De 30 a 34 años	Titulares	Mujeres	4,963
Explotaciones con SAU	De 30 a 34 años	Titulares jefes de explotación	Ambos sexos	15,503
Explotaciones con SAU	De 30 a 34 años	Titulares jefes de explotación	Hombres	12,470
Explotaciones con SAU	De 30 a 34 años	Titulares jefes de explotación	Mujeres	3,033
Explotaciones con SAU	De 35 a 39 años	Titulares	Ambos sexos	32,494
Explotaciones con SAU	De 35 a 39 años	Titulares	Hombres	23,433
Explotaciones con SAU	De 35 a 39 años	Titulares	Mujeres	9,061
Explotaciones con SAU	De 35 a 39 años	Titulares jefes de explotación	Ambos sexos	29,104
Explotaciones con SAU	De 35 a 39 años	Titulares jefes de explotación	Hombres	22,378
Explotaciones con SAU	De 35 a 39 años	Titulares jefes de explotación	Mujeres	6,725
Explotaciones con SAU	De 40 a 44 años	Titulares	Ambos sexos	56,949
Explotaciones con SAU	De 40 a 44 años	Titulares	Hombres	42,904
Explotaciones con SAU	De 40 a 44 años	Titulares	Mujeres	14,045
Explotaciones con SAU	De 40 a 44 años	Titulares jefes de explotación	Ambos sexos	52,446
Explotaciones con SAU	De 40 a 44 años	Titulares jefes de explotación	Hombres	40,814
Explotaciones con SAU	De 40 a 44 años	Titulares jefes de explotación	Mujeres	11,632
Explotaciones con SAU	De 45 a 49 años	Titulares	Ambos sexos	76,899
Explotaciones con SAU	De 45 a 49 años	Titulares	Hombres	52,148
Explotaciones con SAU	De 45 a 49 años	Titulares	Mujeres	24,751
Explotaciones con SAU	De 45 a 49 años	Titulares jefes de explotación	Ambos sexos	68,972
Explotaciones con SAU	De 45 a 49 años	Titulares jefes de explotación	Hombres	50,199
Explotaciones con SAU	De 45 a 49 años	Titulares jefes de explotación	Mujeres	18,773
Explotaciones con SAU	De 50 a 54 años	Titulares	Ambos sexos	110,761
Explotaciones con SAU	De 50 a 54 años	Titulares	Hombres	76,642
Explotaciones con SAU	De 50 a 54 años	Titulares	Mujeres	34,120
Explotaciones con SAU	De 50 a 54 años	Titulares jefes de explotación	Ambos sexos	99,599
Explotaciones con SAU	De 50 a 54 años	Titulares jefes de explotación	Hombres	73,333
Explotaciones con SAU	De 50 a 54 años	Titulares jefes de explotación	Mujeres	26,265
Explotaciones con SAU	De 55 a 59 años	Titulares	Ambos sexos	94,029
Explotaciones con SAU	De 55 a 59 años	Titulares	Hombres	61,762
Explotaciones con SAU	De 55 a 59 años	Titulares	Mujeres	32,267
Explotaciones con SAU	De 55 a 59 años	Titulares jefes de explotación	Ambos sexos	78,848
Explotaciones con SAU	De 55 a 59 años	Titulares jefes de explotación	Hombres	57,681
Explotaciones con SAU	De 55 a 59 años	Titulares jefes de explotación	Mujeres	21,167
Explotaciones con SAU	De 60 a 64 años	Titulares	Ambos sexos	117,116
Explotaciones con SAU	De 60 a 64 años	Titulares	Hombres	78,379
Explotaciones con SAU	De 60 a 64 años	Titulares	Mujeres	38,737
Explotaciones con SAU	De 60 a 64 años	Titulares jefes de explotación	Ambos sexos	102,564
Explotaciones con SAU	De 60 a 64 años	Titulares jefes de explotación	Hombres	73,371
Explotaciones con SAU	De 60 a 64 años	Titulares jefes de explotación	Mujeres	29,193
Explotaciones con SAU	De 65 años y más	Titulares	Ambos sexos	351,947
Explotaciones con SAU	De 65 años y más	Titulares	Hombres	229,875
Explotaciones con SAU	De 65 años y más	Titulares	Mujeres	122,071
Explotaciones con SAU	De 65 años y más	Titulares jefes de explotación	Ambos sexos	246,789
Explotaciones con SAU	De 65 años y más	Titulares jefes de explotación	Hombres	184,119
Explotaciones con SAU	De 65 años y más	Titulares jefes de explotación	Mujeres	62,670
< 1	Todas las edades	Titulares	Ambos sexos	71,257
< 1	Todas las edades	Titulares	Hombres	47,708
< 1	Todas las edades	Titulares	Mujeres	23,549
< 1	Todas las edades	Titulares jefes de explotación	Ambos sexos	57,288
< 1	Todas las edades	Titulares jefes de explotación	Hombres	42,357
< 1	Todas las edades	Titulares jefes de explotación	Mujeres	14,931
< 1	Menos de 25 años	Titulares	Ambos sexos	29
< 1	Menos de 25 años	Titulares	Hombres	8
< 1	Menos de 25 años	Titulares	Mujeres	21
< 1	Menos de 25 años	Titulares jefes de explotación	Ambos sexos	29
< 1	Menos de 25 años	Titulares jefes de explotación	Hombres	8
< 1	Menos de 25 años	Titulares jefes de explotación	Mujeres	21
< 1	De 25 a 29 años	Titulares	Ambos sexos	202
< 1	De 25 a 29 años	Titulares	Hombres	91
< 1	De 25 a 29 años	Titulares	Mujeres	111
< 1	De 25 a 29 años	Titulares jefes de explotación	Ambos sexos	193
< 1	De 25 a 29 años	Titulares jefes de explotación	Hombres	81
< 1	De 25 a 29 años	Titulares jefes de explotación	Mujeres	111
< 1	De 30 a 34 años	Titulares	Ambos sexos	1,303
< 1	De 30 a 34 años	Titulares	Hombres	596
< 1	De 30 a 34 años	Titulares	Mujeres	707
< 1	De 30 a 34 años	Titulares jefes de explotación	Ambos sexos	1,149
< 1	De 30 a 34 años	Titulares jefes de explotación	Hombres	573
< 1	De 30 a 34 años	Titulares jefes de explotación	Mujeres	576
< 1	De 35 a 39 años	Titulares	Ambos sexos	3,220
< 1	De 35 a 39 años	Titulares	Hombres	1,584
< 1	De 35 a 39 años	Titulares	Mujeres	1,637
< 1	De 35 a 39 años	Titulares jefes de explotación	Ambos sexos	2,515
< 1	De 35 a 39 años	Titulares jefes de explotación	Hombres	1,405
< 1	De 35 a 39 años	Titulares jefes de explotación	Mujeres	1,110
< 1	De 40 a 44 años	Titulares	Ambos sexos	4,906
< 1	De 40 a 44 años	Titulares	Hombres	3,115
< 1	De 40 a 44 años	Titulares	Mujeres	1,790
< 1	De 40 a 44 años	Titulares jefes de explotación	Ambos sexos	4,600
< 1	De 40 a 44 años	Titulares jefes de explotación	Hombres	3,102
< 1	De 40 a 44 años	Titulares jefes de explotación	Mujeres	1,499
< 1	De 45 a 49 años	Titulares	Ambos sexos	3,277
< 1	De 45 a 49 años	Titulares	Hombres	2,190
< 1	De 45 a 49 años	Titulares	Mujeres	1,087
< 1	De 45 a 49 años	Titulares jefes de explotación	Ambos sexos	2,804
< 1	De 45 a 49 años	Titulares jefes de explotación	Hombres	2,150
< 1	De 45 a 49 años	Titulares jefes de explotación	Mujeres	655
< 1	De 50 a 54 años	Titulares	Ambos sexos	8,217
< 1	De 50 a 54 años	Titulares	Hombres	4,894
< 1	De 50 a 54 años	Titulares	Mujeres	3,323
< 1	De 50 a 54 años	Titulares jefes de explotación	Ambos sexos	7,938
< 1	De 50 a 54 años	Titulares jefes de explotación	Hombres	4,807
< 1	De 50 a 54 años	Titulares jefes de explotación	Mujeres	3,131
< 1	De 55 a 59 años	Titulares	Ambos sexos	6,571
< 1	De 55 a 59 años	Titulares	Hombres	5,454
< 1	De 55 a 59 años	Titulares	Mujeres	1,117
< 1	De 55 a 59 años	Titulares jefes de explotación	Ambos sexos	5,980
< 1	De 55 a 59 años	Titulares jefes de explotación	Hombres	5,379
< 1	De 55 a 59 años	Titulares jefes de explotación	Mujeres	601
< 1	De 60 a 64 años	Titulares	Ambos sexos	10,721
< 1	De 60 a 64 años	Titulares	Hombres	7,011
< 1	De 60 a 64 años	Titulares	Mujeres	3,710
< 1	De 60 a 64 años	Titulares jefes de explotación	Ambos sexos	8,633
< 1	De 60 a 64 años	Titulares jefes de explotación	Hombres	6,359
< 1	De 60 a 64 años	Titulares jefes de explotación	Mujeres	2,274
< 1	De 65 años y más	Titulares	Ambos sexos	32,811
< 1	De 65 años y más	Titulares	Hombres	22,764
< 1	De 65 años y más	Titulares	Mujeres	10,046
< 1	De 65 años y más	Titulares jefes de explotación	Ambos sexos	23,446
< 1	De 65 años y más	Titulares jefes de explotación	Hombres	18,493
< 1	De 65 años y más	Titulares jefes de explotación	Mujeres	4,953
1  a < 2	Todas las edades	Titulares	Ambos sexos	164,419
1  a < 2	Todas las edades	Titulares	Hombres	104,229
1  a < 2	Todas las edades	Titulares	Mujeres	60,190
1  a < 2	Todas las edades	Titulares jefes de explotación	Ambos sexos	132,450
1  a < 2	Todas las edades	Titulares jefes de explotación	Hombres	91,315
1  a < 2	Todas las edades	Titulares jefes de explotación	Mujeres	41,135
1  a < 2	Menos de 25 años	Titulares	Ambos sexos	72
1  a < 2	Menos de 25 años	Titulares	Hombres	71
1  a < 2	Menos de 25 años	Titulares	Mujeres	1
1  a < 2	Menos de 25 años	Titulares jefes de explotación	Ambos sexos	72
1  a < 2	Menos de 25 años	Titulares jefes de explotación	Hombres	71
1  a < 2	Menos de 25 años	Titulares jefes de explotación	Mujeres	1
1  a < 2	De 25 a 29 años	Titulares	Ambos sexos	994
1  a < 2	De 25 a 29 años	Titulares	Hombres	857
1  a < 2	De 25 a 29 años	Titulares	Mujeres	137
1  a < 2	De 25 a 29 años	Titulares jefes de explotación	Ambos sexos	993
1  a < 2	De 25 a 29 años	Titulares jefes de explotación	Hombres	857
1  a < 2	De 25 a 29 años	Titulares jefes de explotación	Mujeres	136
1  a < 2	De 30 a 34 años	Titulares	Ambos sexos	2,729
1  a < 2	De 30 a 34 años	Titulares	Hombres	1,692
1  a < 2	De 30 a 34 años	Titulares	Mujeres	1,036
1  a < 2	De 30 a 34 años	Titulares jefes de explotación	Ambos sexos	1,782
1  a < 2	De 30 a 34 años	Titulares jefes de explotación	Hombres	1,296
1  a < 2	De 30 a 34 años	Titulares jefes de explotación	Mujeres	486
1  a < 2	De 35 a 39 años	Titulares	Ambos sexos	4,858
1  a < 2	De 35 a 39 años	Titulares	Hombres	2,538
1  a < 2	De 35 a 39 años	Titulares	Mujeres	2,320
1  a < 2	De 35 a 39 años	Titulares jefes de explotación	Ambos sexos	4,065
1  a < 2	De 35 a 39 años	Titulares jefes de explotación	Hombres	2,506
1  a < 2	De 35 a 39 años	Titulares jefes de explotación	Mujeres	1,559
1  a < 2	De 40 a 44 años	Titulares	Ambos sexos	7,637
1  a < 2	De 40 a 44 años	Titulares	Hombres	6,488
1  a < 2	De 40 a 44 años	Titulares	Mujeres	1,149
1  a < 2	De 40 a 44 años	Titulares jefes de explotación	Ambos sexos	6,670
1  a < 2	De 40 a 44 años	Titulares jefes de explotación	Hombres	5,752
1  a < 2	De 40 a 44 años	Titulares jefes de explotación	Mujeres	919
1  a < 2	De 45 a 49 años	Titulares	Ambos sexos	11,285
1  a < 2	De 45 a 49 años	Titulares	Hombres	7,288
1  a < 2	De 45 a 49 años	Titulares	Mujeres	3,997
1  a < 2	De 45 a 49 años	Titulares jefes de explotación	Ambos sexos	9,871
1  a < 2	De 45 a 49 años	Titulares jefes de explotación	Hombres	6,615
1  a < 2	De 45 a 49 años	Titulares jefes de explotación	Mujeres	3,256
1  a < 2	De 50 a 54 años	Titulares	Ambos sexos	21,315
1  a < 2	De 50 a 54 años	Titulares	Hombres	14,426
1  a < 2	De 50 a 54 años	Titulares	Mujeres	6,889
1  a < 2	De 50 a 54 años	Titulares jefes de explotación	Ambos sexos	18,771
1  a < 2	De 50 a 54 años	Titulares jefes de explotación	Hombres	13,320
1  a < 2	De 50 a 54 años	Titulares jefes de explotación	Mujeres	5,451
1  a < 2	De 55 a 59 años	Titulares	Ambos sexos	14,614
1  a < 2	De 55 a 59 años	Titulares	Hombres	10,286
1  a < 2	De 55 a 59 años	Titulares	Mujeres	4,327
1  a < 2	De 55 a 59 años	Titulares jefes de explotación	Ambos sexos	11,546
1  a < 2	De 55 a 59 años	Titulares jefes de explotación	Hombres	8,654
1  a < 2	De 55 a 59 años	Titulares jefes de explotación	Mujeres	2,892
1  a < 2	De 60 a 64 años	Titulares	Ambos sexos	25,403
1  a < 2	De 60 a 64 años	Titulares	Hombres	15,372
1  a < 2	De 60 a 64 años	Titulares	Mujeres	10,031
1  a < 2	De 60 a 64 años	Titulares jefes de explotación	Ambos sexos	22,550
1  a < 2	De 60 a 64 años	Titulares jefes de explotación	Hombres	14,439
1  a < 2	De 60 a 64 años	Titulares jefes de explotación	Mujeres	8,111
1  a < 2	De 65 años y más	Titulares	Ambos sexos	75,512
1  a < 2	De 65 años y más	Titulares	Hombres	45,209
1  a < 2	De 65 años y más	Titulares	Mujeres	30,302
1  a < 2	De 65 años y más	Titulares jefes de explotación	Ambos sexos	56,131
1  a < 2	De 65 años y más	Titulares jefes de explotación	Hombres	37,806
1  a < 2	De 65 años y más	Titulares jefes de explotación	Mujeres	18,325
2 a < 5	Todas las edades	Titulares	Ambos sexos	224,097
2 a < 5	Todas las edades	Titulares	Hombres	145,047
2 a < 5	Todas las edades	Titulares	Mujeres	79,050
2 a < 5	Todas las edades	Titulares jefes de explotación	Ambos sexos	174,136
2 a < 5	Todas las edades	Titulares jefes de explotación	Hombres	126,606
2 a < 5	Todas las edades	Titulares jefes de explotación	Mujeres	47,531
2 a < 5	Menos de 25 años	Titulares	Ambos sexos	219
2 a < 5	Menos de 25 años	Titulares	Hombres	75
2 a < 5	Menos de 25 años	Titulares	Mujeres	144
2 a < 5	Menos de 25 años	Titulares jefes de explotación	Ambos sexos	209
2 a < 5	Menos de 25 años	Titulares jefes de explotación	Hombres	67
2 a < 5	Menos de 25 años	Titulares jefes de explotación	Mujeres	142
2 a < 5	De 25 a 29 años	Titulares	Ambos sexos	1,531
2 a < 5	De 25 a 29 años	Titulares	Hombres	1,188
2 a < 5	De 25 a 29 años	Titulares	Mujeres	343
2 a < 5	De 25 a 29 años	Titulares jefes de explotación	Ambos sexos	1,490
2 a < 5	De 25 a 29 años	Titulares jefes de explotación	Hombres	1,148
2 a < 5	De 25 a 29 años	Titulares jefes de explotación	Mujeres	342
2 a < 5	De 30 a 34 años	Titulares	Ambos sexos	3,838
2 a < 5	De 30 a 34 años	Titulares	Hombres	2,041
2 a < 5	De 30 a 34 años	Titulares	Mujeres	1,797
2 a < 5	De 30 a 34 años	Titulares jefes de explotación	Ambos sexos	2,722
2 a < 5	De 30 a 34 años	Titulares jefes de explotación	Hombres	2,024
2 a < 5	De 30 a 34 años	Titulares jefes de explotación	Mujeres	697
2 a < 5	De 35 a 39 años	Titulares	Ambos sexos	5,503
2 a < 5	De 35 a 39 años	Titulares	Hombres	4,270
2 a < 5	De 35 a 39 años	Titulares	Mujeres	1,233
2 a < 5	De 35 a 39 años	Titulares jefes de explotación	Ambos sexos	4,385
2 a < 5	De 35 a 39 años	Titulares jefes de explotación	Hombres	3,786
2 a < 5	De 35 a 39 años	Titulares jefes de explotación	Mujeres	599
2 a < 5	De 40 a 44 años	Titulares	Ambos sexos	12,661
2 a < 5	De 40 a 44 años	Titulares	Hombres	9,712
2 a < 5	De 40 a 44 años	Titulares	Mujeres	2,949
2 a < 5	De 40 a 44 años	Titulares jefes de explotación	Ambos sexos	11,811
2 a < 5	De 40 a 44 años	Titulares jefes de explotación	Hombres	9,080
2 a < 5	De 40 a 44 años	Titulares jefes de explotación	Mujeres	2,731
2 a < 5	De 45 a 49 años	Titulares	Ambos sexos	20,070
2 a < 5	De 45 a 49 años	Titulares	Hombres	12,736
2 a < 5	De 45 a 49 años	Titulares	Mujeres	7,334
2 a < 5	De 45 a 49 años	Titulares jefes de explotación	Ambos sexos	17,415
2 a < 5	De 45 a 49 años	Titulares jefes de explotación	Hombres	12,245
2 a < 5	De 45 a 49 años	Titulares jefes de explotación	Mujeres	5,170
2 a < 5	De 50 a 54 años	Titulares	Ambos sexos	26,507
2 a < 5	De 50 a 54 años	Titulares	Hombres	16,563
2 a < 5	De 50 a 54 años	Titulares	Mujeres	9,944
2 a < 5	De 50 a 54 años	Titulares jefes de explotación	Ambos sexos	22,598
2 a < 5	De 50 a 54 años	Titulares jefes de explotación	Hombres	15,383
2 a < 5	De 50 a 54 años	Titulares jefes de explotación	Mujeres	7,215
2 a < 5	De 55 a 59 años	Titulares	Ambos sexos	23,982
2 a < 5	De 55 a 59 años	Titulares	Hombres	13,541
2 a < 5	De 55 a 59 años	Titulares	Mujeres	10,441
2 a < 5	De 55 a 59 años	Titulares jefes de explotación	Ambos sexos	19,953
2 a < 5	De 55 a 59 años	Titulares jefes de explotación	Hombres	13,053
2 a < 5	De 55 a 59 años	Titulares jefes de explotación	Mujeres	6,900
2 a < 5	De 60 a 64 años	Titulares	Ambos sexos	29,655
2 a < 5	De 60 a 64 años	Titulares	Hombres	19,859
2 a < 5	De 60 a 64 años	Titulares	Mujeres	9,796
2 a < 5	De 60 a 64 años	Titulares jefes de explotación	Ambos sexos	26,071
2 a < 5	De 60 a 64 años	Titulares jefes de explotación	Hombres	18,707
2 a < 5	De 60 a 64 años	Titulares jefes de explotación	Mujeres	7,363
2 a < 5	De 65 años y más	Titulares	Ambos sexos	100,131
2 a < 5	De 65 años y más	Titulares	Hombres	65,062
2 a < 5	De 65 años y más	Titulares	Mujeres	35,069
2 a < 5	De 65 años y más	Titulares jefes de explotación	Ambos sexos	67,482
2 a < 5	De 65 años y más	Titulares jefes de explotación	Hombres	51,112
2 a < 5	De 65 años y más	Titulares jefes de explotación	Mujeres	16,371
5 a <  10	Todas las edades	Titulares	Ambos sexos	135,246
5 a <  10	Todas las edades	Titulares	Hombres	90,148
5 a <  10	Todas las edades	Titulares	Mujeres	45,098
5 a <  10	Todas las edades	Titulares jefes de explotación	Ambos sexos	108,479
5 a <  10	Todas las edades	Titulares jefes de explotación	Hombres	78,942
5 a <  10	Todas las edades	Titulares jefes de explotación	Mujeres	29,537
5 a <  10	Menos de 25 años	Titulares	Ambos sexos	324
5 a <  10	Menos de 25 años	Titulares	Hombres	61
5 a <  10	Menos de 25 años	Titulares	Mujeres	263
5 a <  10	Menos de 25 años	Titulares jefes de explotación	Ambos sexos	324
5 a <  10	Menos de 25 años	Titulares jefes de explotación	Hombres	61
5 a <  10	Menos de 25 años	Titulares jefes de explotación	Mujeres	263
5 a <  10	De 25 a 29 años	Titulares	Ambos sexos	624
5 a <  10	De 25 a 29 años	Titulares	Hombres	480
5 a <  10	De 25 a 29 años	Titulares	Mujeres	144
5 a <  10	De 25 a 29 años	Titulares jefes de explotación	Ambos sexos	508
5 a <  10	De 25 a 29 años	Titulares jefes de explotación	Hombres	364
5 a <  10	De 25 a 29 años	Titulares jefes de explotación	Mujeres	143
5 a <  10	De 30 a 34 años	Titulares	Ambos sexos	2,816
5 a <  10	De 30 a 34 años	Titulares	Hombres	2,475
5 a <  10	De 30 a 34 años	Titulares	Mujeres	341
5 a <  10	De 30 a 34 años	Titulares jefes de explotación	Ambos sexos	2,461
5 a <  10	De 30 a 34 años	Titulares jefes de explotación	Hombres	2,122
5 a <  10	De 30 a 34 años	Titulares jefes de explotación	Mujeres	339
5 a <  10	De 35 a 39 años	Titulares	Ambos sexos	5,954
5 a <  10	De 35 a 39 años	Titulares	Hombres	4,077
5 a <  10	De 35 a 39 años	Titulares	Mujeres	1,877
5 a <  10	De 35 a 39 años	Titulares jefes de explotación	Ambos sexos	5,620
5 a <  10	De 35 a 39 años	Titulares jefes de explotación	Hombres	3,864
5 a <  10	De 35 a 39 años	Titulares jefes de explotación	Mujeres	1,756
5 a <  10	De 40 a 44 años	Titulares	Ambos sexos	7,779
5 a <  10	De 40 a 44 años	Titulares	Hombres	5,144
5 a <  10	De 40 a 44 años	Titulares	Mujeres	2,635
5 a <  10	De 40 a 44 años	Titulares jefes de explotación	Ambos sexos	6,960
5 a <  10	De 40 a 44 años	Titulares jefes de explotación	Hombres	4,937
5 a <  10	De 40 a 44 años	Titulares jefes de explotación	Mujeres	2,023
5 a <  10	De 45 a 49 años	Titulares	Ambos sexos	13,153
5 a <  10	De 45 a 49 años	Titulares	Hombres	7,803
5 a <  10	De 45 a 49 años	Titulares	Mujeres	5,350
5 a <  10	De 45 a 49 años	Titulares jefes de explotación	Ambos sexos	11,497
5 a <  10	De 45 a 49 años	Titulares jefes de explotación	Hombres	7,434
5 a <  10	De 45 a 49 años	Titulares jefes de explotación	Mujeres	4,063
5 a <  10	De 50 a 54 años	Titulares	Ambos sexos	15,334
5 a <  10	De 50 a 54 años	Titulares	Hombres	11,153
5 a <  10	De 50 a 54 años	Titulares	Mujeres	4,181
5 a <  10	De 50 a 54 años	Titulares jefes de explotación	Ambos sexos	13,996
5 a <  10	De 50 a 54 años	Titulares jefes de explotación	Hombres	10,793
5 a <  10	De 50 a 54 años	Titulares jefes de explotación	Mujeres	3,203
5 a <  10	De 55 a 59 años	Titulares	Ambos sexos	16,030
5 a <  10	De 55 a 59 años	Titulares	Hombres	9,149
5 a <  10	De 55 a 59 años	Titulares	Mujeres	6,881
5 a <  10	De 55 a 59 años	Titulares jefes de explotación	Ambos sexos	12,877
5 a <  10	De 55 a 59 años	Titulares jefes de explotación	Hombres	8,532
5 a <  10	De 55 a 59 años	Titulares jefes de explotación	Mujeres	4,346
5 a <  10	De 60 a 64 años	Titulares	Ambos sexos	15,513
5 a <  10	De 60 a 64 años	Titulares	Hombres	10,319
5 a <  10	De 60 a 64 años	Titulares	Mujeres	5,194
5 a <  10	De 60 a 64 años	Titulares jefes de explotación	Ambos sexos	13,562
5 a <  10	De 60 a 64 años	Titulares jefes de explotación	Hombres	9,298
5 a <  10	De 60 a 64 años	Titulares jefes de explotación	Mujeres	4,265
5 a <  10	De 65 años y más	Titulares	Ambos sexos	57,721
5 a <  10	De 65 años y más	Titulares	Hombres	39,488
5 a <  10	De 65 años y más	Titulares	Mujeres	18,233
5 a <  10	De 65 años y más	Titulares jefes de explotación	Ambos sexos	40,674
5 a <  10	De 65 años y más	Titulares jefes de explotación	Hombres	31,538
5 a <  10	De 65 años y más	Titulares jefes de explotación	Mujeres	9,136
10 a < 20	Todas las edades	Titulares	Ambos sexos	104,981
10 a < 20	Todas las edades	Titulares	Hombres	70,175
10 a < 20	Todas las edades	Titulares	Mujeres	34,806
10 a < 20	Todas las edades	Titulares jefes de explotación	Ambos sexos	85,325
10 a < 20	Todas las edades	Titulares jefes de explotación	Hombres	63,026
10 a < 20	Todas las edades	Titulares jefes de explotación	Mujeres	22,298
10 a < 20	Menos de 25 años	Titulares	Ambos sexos	423
10 a < 20	Menos de 25 años	Titulares	Hombres	412
10 a < 20	Menos de 25 años	Titulares	Mujeres	11
10 a < 20	Menos de 25 años	Titulares jefes de explotación	Ambos sexos	423
10 a < 20	Menos de 25 años	Titulares jefes de explotación	Hombres	412
10 a < 20	Menos de 25 años	Titulares jefes de explotación	Mujeres	11
10 a < 20	De 25 a 29 años	Titulares	Ambos sexos	918
10 a < 20	De 25 a 29 años	Titulares	Hombres	672
10 a < 20	De 25 a 29 años	Titulares	Mujeres	247
10 a < 20	De 25 a 29 años	Titulares jefes de explotación	Ambos sexos	896
10 a < 20	De 25 a 29 años	Titulares jefes de explotación	Hombres	651
10 a < 20	De 25 a 29 años	Titulares jefes de explotación	Mujeres	246
10 a < 20	De 30 a 34 años	Titulares	Ambos sexos	2,203
10 a < 20	De 30 a 34 años	Titulares	Hombres	1,832
10 a < 20	De 30 a 34 años	Titulares	Mujeres	371
10 a < 20	De 30 a 34 años	Titulares jefes de explotación	Ambos sexos	2,099
10 a < 20	De 30 a 34 años	Titulares jefes de explotación	Hombres	1,790
10 a < 20	De 30 a 34 años	Titulares jefes de explotación	Mujeres	309
10 a < 20	De 35 a 39 años	Titulares	Ambos sexos	3,370
10 a < 20	De 35 a 39 años	Titulares	Hombres	2,625
10 a < 20	De 35 a 39 años	Titulares	Mujeres	745
10 a < 20	De 35 a 39 años	Titulares jefes de explotación	Ambos sexos	3,133
10 a < 20	De 35 a 39 años	Titulares jefes de explotación	Hombres	2,594
10 a < 20	De 35 a 39 años	Titulares jefes de explotación	Mujeres	539
10 a < 20	De 40 a 44 años	Titulares	Ambos sexos	7,757
10 a < 20	De 40 a 44 años	Titulares	Hombres	5,369
10 a < 20	De 40 a 44 años	Titulares	Mujeres	2,388
10 a < 20	De 40 a 44 años	Titulares jefes de explotación	Ambos sexos	6,973
10 a < 20	De 40 a 44 años	Titulares jefes de explotación	Hombres	5,121
10 a < 20	De 40 a 44 años	Titulares jefes de explotación	Mujeres	1,852
10 a < 20	De 45 a 49 años	Titulares	Ambos sexos	9,773
10 a < 20	De 45 a 49 años	Titulares	Hombres	6,858
10 a < 20	De 45 a 49 años	Titulares	Mujeres	2,916
10 a < 20	De 45 a 49 años	Titulares jefes de explotación	Ambos sexos	9,110
10 a < 20	De 45 a 49 años	Titulares jefes de explotación	Hombres	6,769
10 a < 20	De 45 a 49 años	Titulares jefes de explotación	Mujeres	2,341
10 a < 20	De 50 a 54 años	Titulares	Ambos sexos	14,457
10 a < 20	De 50 a 54 años	Titulares	Hombres	9,678
10 a < 20	De 50 a 54 años	Titulares	Mujeres	4,779
10 a < 20	De 50 a 54 años	Titulares jefes de explotación	Ambos sexos	12,746
10 a < 20	De 50 a 54 años	Titulares jefes de explotación	Hombres	9,391
10 a < 20	De 50 a 54 años	Titulares jefes de explotación	Mujeres	3,354
10 a < 20	De 55 a 59 años	Titulares	Ambos sexos	12,440
10 a < 20	De 55 a 59 años	Titulares	Hombres	7,361
10 a < 20	De 55 a 59 años	Titulares	Mujeres	5,079
10 a < 20	De 55 a 59 años	Titulares jefes de explotación	Ambos sexos	9,883
10 a < 20	De 55 a 59 años	Titulares jefes de explotación	Hombres	6,612
10 a < 20	De 55 a 59 años	Titulares jefes de explotación	Mujeres	3,271
10 a < 20	De 60 a 64 años	Titulares	Ambos sexos	14,835
10 a < 20	De 60 a 64 años	Titulares	Hombres	10,044
10 a < 20	De 60 a 64 años	Titulares	Mujeres	4,791
10 a < 20	De 60 a 64 años	Titulares jefes de explotación	Ambos sexos	12,836
10 a < 20	De 60 a 64 años	Titulares jefes de explotación	Hombres	9,341
10 a < 20	De 60 a 64 años	Titulares jefes de explotación	Mujeres	3,495
10 a < 20	De 65 años y más	Titulares	Ambos sexos	38,804
10 a < 20	De 65 años y más	Titulares	Hombres	25,324
10 a < 20	De 65 años y más	Titulares	Mujeres	13,480
10 a < 20	De 65 años y más	Titulares jefes de explotación	Ambos sexos	27,226
10 a < 20	De 65 años y más	Titulares jefes de explotación	Hombres	20,346
10 a < 20	De 65 años y más	Titulares jefes de explotación	Mujeres	6,880
20 a < 30	Todas las edades	Titulares	Ambos sexos	44,761
20 a < 30	Todas las edades	Titulares	Hombres	31,769
20 a < 30	Todas las edades	Titulares	Mujeres	12,991
20 a < 30	Todas las edades	Titulares jefes de explotación	Ambos sexos	36,495
20 a < 30	Todas las edades	Titulares jefes de explotación	Hombres	28,792
20 a < 30	Todas las edades	Titulares jefes de explotación	Mujeres	7,703
20 a < 30	Menos de 25 años	Titulares	Ambos sexos	178
20 a < 30	Menos de 25 años	Titulares	Hombres	131
20 a < 30	Menos de 25 años	Titulares	Mujeres	47
20 a < 30	Menos de 25 años	Titulares jefes de explotación	Ambos sexos	178
20 a < 30	Menos de 25 años	Titulares jefes de explotación	Hombres	131
20 a < 30	Menos de 25 años	Titulares jefes de explotación	Mujeres	47
20 a < 30	De 25 a 29 años	Titulares	Ambos sexos	411
20 a < 30	De 25 a 29 años	Titulares	Hombres	305
20 a < 30	De 25 a 29 años	Titulares	Mujeres	106
20 a < 30	De 25 a 29 años	Titulares jefes de explotación	Ambos sexos	351
20 a < 30	De 25 a 29 años	Titulares jefes de explotación	Hombres	305
20 a < 30	De 25 a 29 años	Titulares jefes de explotación	Mujeres	46
20 a < 30	De 30 a 34 años	Titulares	Ambos sexos	1,211
20 a < 30	De 30 a 34 años	Titulares	Hombres	994
20 a < 30	De 30 a 34 años	Titulares	Mujeres	217
20 a < 30	De 30 a 34 años	Titulares jefes de explotación	Ambos sexos	1,144
20 a < 30	De 30 a 34 años	Titulares jefes de explotación	Hombres	958
20 a < 30	De 30 a 34 años	Titulares jefes de explotación	Mujeres	186
20 a < 30	De 35 a 39 años	Titulares	Ambos sexos	1,938
20 a < 30	De 35 a 39 años	Titulares	Hombres	1,714
20 a < 30	De 35 a 39 años	Titulares	Mujeres	224
20 a < 30	De 35 a 39 años	Titulares jefes de explotación	Ambos sexos	1,919
20 a < 30	De 35 a 39 años	Titulares jefes de explotación	Hombres	1,711
20 a < 30	De 35 a 39 años	Titulares jefes de explotación	Mujeres	208
20 a < 30	De 40 a 44 años	Titulares	Ambos sexos	3,607
20 a < 30	De 40 a 44 años	Titulares	Hombres	2,542
20 a < 30	De 40 a 44 años	Titulares	Mujeres	1,065
20 a < 30	De 40 a 44 años	Titulares jefes de explotación	Ambos sexos	3,342
20 a < 30	De 40 a 44 años	Titulares jefes de explotación	Hombres	2,462
20 a < 30	De 40 a 44 años	Titulares jefes de explotación	Mujeres	880
20 a < 30	De 45 a 49 años	Titulares	Ambos sexos	4,372
20 a < 30	De 45 a 49 años	Titulares	Hombres	3,169
20 a < 30	De 45 a 49 años	Titulares	Mujeres	1,203
20 a < 30	De 45 a 49 años	Titulares jefes de explotación	Ambos sexos	3,900
20 a < 30	De 45 a 49 años	Titulares jefes de explotación	Hombres	3,103
20 a < 30	De 45 a 49 años	Titulares jefes de explotación	Mujeres	797
20 a < 30	De 50 a 54 años	Titulares	Ambos sexos	6,212
20 a < 30	De 50 a 54 años	Titulares	Hombres	4,468
20 a < 30	De 50 a 54 años	Titulares	Mujeres	1,744
20 a < 30	De 50 a 54 años	Titulares jefes de explotación	Ambos sexos	5,729
20 a < 30	De 50 a 54 años	Titulares jefes de explotación	Hombres	4,433
20 a < 30	De 50 a 54 años	Titulares jefes de explotación	Mujeres	1,296
20 a < 30	De 55 a 59 años	Titulares	Ambos sexos	5,168
20 a < 30	De 55 a 59 años	Titulares	Hombres	3,693
20 a < 30	De 55 a 59 años	Titulares	Mujeres	1,475
20 a < 30	De 55 a 59 años	Titulares jefes de explotación	Ambos sexos	4,526
20 a < 30	De 55 a 59 años	Titulares jefes de explotación	Hombres	3,586
20 a < 30	De 55 a 59 años	Titulares jefes de explotación	Mujeres	941
20 a < 30	De 60 a 64 años	Titulares	Ambos sexos	5,856
20 a < 30	De 60 a 64 años	Titulares	Hombres	4,082
20 a < 30	De 60 a 64 años	Titulares	Mujeres	1,774
20 a < 30	De 60 a 64 años	Titulares jefes de explotación	Ambos sexos	5,017
20 a < 30	De 60 a 64 años	Titulares jefes de explotación	Hombres	3,929
20 a < 30	De 60 a 64 años	Titulares jefes de explotación	Mujeres	1,088
20 a < 30	De 65 años y más	Titulares	Ambos sexos	15,807
20 a < 30	De 65 años y más	Titulares	Hombres	10,671
20 a < 30	De 65 años y más	Titulares	Mujeres	5,136
20 a < 30	De 65 años y más	Titulares jefes de explotación	Ambos sexos	10,388
20 a < 30	De 65 años y más	Titulares jefes de explotación	Hombres	8,173
20 a < 30	De 65 años y más	Titulares jefes de explotación	Mujeres	2,215
30 a < 50	Todas las edades	Titulares	Ambos sexos	44,989
30 a < 50	Todas las edades	Titulares	Hombres	33,801
30 a < 50	Todas las edades	Titulares	Mujeres	11,188
30 a < 50	Todas las edades	Titulares jefes de explotación	Ambos sexos	38,810
30 a < 50	Todas las edades	Titulares jefes de explotación	Hombres	31,017
30 a < 50	Todas las edades	Titulares jefes de explotación	Mujeres	7,793
30 a < 50	Menos de 25 años	Titulares	Ambos sexos	139
30 a < 50	Menos de 25 años	Titulares	Hombres	114
30 a < 50	Menos de 25 años	Titulares	Mujeres	25
30 a < 50	Menos de 25 años	Titulares jefes de explotación	Ambos sexos	139
30 a < 50	Menos de 25 años	Titulares jefes de explotación	Hombres	114
30 a < 50	Menos de 25 años	Titulares jefes de explotación	Mujeres	25
30 a < 50	De 25 a 29 años	Titulares	Ambos sexos	656
30 a < 50	De 25 a 29 años	Titulares	Hombres	437
30 a < 50	De 25 a 29 años	Titulares	Mujeres	219
30 a < 50	De 25 a 29 años	Titulares jefes de explotación	Ambos sexos	643
30 a < 50	De 25 a 29 años	Titulares jefes de explotación	Hombres	430
30 a < 50	De 25 a 29 años	Titulares jefes de explotación	Mujeres	213
30 a < 50	De 30 a 34 años	Titulares	Ambos sexos	1,145
30 a < 50	De 30 a 34 años	Titulares	Hombres	917
30 a < 50	De 30 a 34 años	Titulares	Mujeres	228
30 a < 50	De 30 a 34 años	Titulares jefes de explotación	Ambos sexos	1,086
30 a < 50	De 30 a 34 años	Titulares jefes de explotación	Hombres	868
30 a < 50	De 30 a 34 años	Titulares jefes de explotación	Mujeres	218
30 a < 50	De 35 a 39 años	Titulares	Ambos sexos	2,651
30 a < 50	De 35 a 39 años	Titulares	Hombres	2,180
30 a < 50	De 35 a 39 años	Titulares	Mujeres	471
30 a < 50	De 35 a 39 años	Titulares jefes de explotación	Ambos sexos	2,604
30 a < 50	De 35 a 39 años	Titulares jefes de explotación	Hombres	2,163
30 a < 50	De 35 a 39 años	Titulares jefes de explotación	Mujeres	441
30 a < 50	De 40 a 44 años	Titulares	Ambos sexos	3,578
30 a < 50	De 40 a 44 años	Titulares	Hombres	2,810
30 a < 50	De 40 a 44 años	Titulares	Mujeres	768
30 a < 50	De 40 a 44 años	Titulares jefes de explotación	Ambos sexos	3,412
30 a < 50	De 40 a 44 años	Titulares jefes de explotación	Hombres	2,731
30 a < 50	De 40 a 44 años	Titulares jefes de explotación	Mujeres	681
30 a < 50	De 45 a 49 años	Titulares	Ambos sexos	5,112
30 a < 50	De 45 a 49 años	Titulares	Hombres	3,910
30 a < 50	De 45 a 49 años	Titulares	Mujeres	1,203
30 a < 50	De 45 a 49 años	Titulares jefes de explotación	Ambos sexos	4,947
30 a < 50	De 45 a 49 años	Titulares jefes de explotación	Hombres	3,848
30 a < 50	De 45 a 49 años	Titulares jefes de explotación	Mujeres	1,099
30 a < 50	De 50 a 54 años	Titulares	Ambos sexos	6,491
30 a < 50	De 50 a 54 años	Titulares	Hombres	5,115
30 a < 50	De 50 a 54 años	Titulares	Mujeres	1,376
30 a < 50	De 50 a 54 años	Titulares jefes de explotación	Ambos sexos	6,167
30 a < 50	De 50 a 54 años	Titulares jefes de explotación	Hombres	5,042
30 a < 50	De 50 a 54 años	Titulares jefes de explotación	Mujeres	1,125
30 a < 50	De 55 a 59 años	Titulares	Ambos sexos	5,547
30 a < 50	De 55 a 59 años	Titulares	Hombres	4,275
30 a < 50	De 55 a 59 años	Titulares	Mujeres	1,272
30 a < 50	De 55 a 59 años	Titulares jefes de explotación	Ambos sexos	5,100
30 a < 50	De 55 a 59 años	Titulares jefes de explotación	Hombres	4,160
30 a < 50	De 55 a 59 años	Titulares jefes de explotación	Mujeres	939
30 a < 50	De 60 a 64 años	Titulares	Ambos sexos	5,649
30 a < 50	De 60 a 64 años	Titulares	Hombres	4,109
30 a < 50	De 60 a 64 años	Titulares	Mujeres	1,541
30 a < 50	De 60 a 64 años	Titulares jefes de explotación	Ambos sexos	5,124
30 a < 50	De 60 a 64 años	Titulares jefes de explotación	Hombres	3,987
30 a < 50	De 60 a 64 años	Titulares jefes de explotación	Mujeres	1,138
30 a < 50	De 65 años y más	Titulares	Ambos sexos	14,021
30 a < 50	De 65 años y más	Titulares	Hombres	9,936
30 a < 50	De 65 años y más	Titulares	Mujeres	4,085
30 a < 50	De 65 años y más	Titulares jefes de explotación	Ambos sexos	9,588
30 a < 50	De 65 años y más	Titulares jefes de explotación	Hombres	7,673
30 a < 50	De 65 años y más	Titulares jefes de explotación	Mujeres	1,915
50 a < 100	Todas las edades	Titulares	Ambos sexos	41,311
50 a < 100	Todas las edades	Titulares	Hombres	32,260
50 a < 100	Todas las edades	Titulares	Mujeres	9,051
50 a < 100	Todas las edades	Titulares jefes de explotación	Ambos sexos	36,111
50 a < 100	Todas las edades	Titulares jefes de explotación	Hombres	29,983
50 a < 100	Todas las edades	Titulares jefes de explotación	Mujeres	6,129
50 a < 100	Menos de 25 años	Titulares	Ambos sexos	78
50 a < 100	Menos de 25 años	Titulares	Hombres	39
50 a < 100	Menos de 25 años	Titulares	Mujeres	38
50 a < 100	Menos de 25 años	Titulares jefes de explotación	Ambos sexos	46
50 a < 100	Menos de 25 años	Titulares jefes de explotación	Hombres	39
50 a < 100	Menos de 25 años	Titulares jefes de explotación	Mujeres	7
50 a < 100	De 25 a 29 años	Titulares	Ambos sexos	433
50 a < 100	De 25 a 29 años	Titulares	Hombres	340
50 a < 100	De 25 a 29 años	Titulares	Mujeres	93
50 a < 100	De 25 a 29 años	Titulares jefes de explotación	Ambos sexos	424
50 a < 100	De 25 a 29 años	Titulares jefes de explotación	Hombres	340
50 a < 100	De 25 a 29 años	Titulares jefes de explotación	Mujeres	84
50 a < 100	De 30 a 34 años	Titulares	Ambos sexos	1,791
50 a < 100	De 30 a 34 años	Titulares	Hombres	1,629
50 a < 100	De 30 a 34 años	Titulares	Mujeres	163
50 a < 100	De 30 a 34 años	Titulares jefes de explotación	Ambos sexos	1,680
50 a < 100	De 30 a 34 años	Titulares jefes de explotación	Hombres	1,553
50 a < 100	De 30 a 34 años	Titulares jefes de explotación	Mujeres	127
50 a < 100	De 35 a 39 años	Titulares	Ambos sexos	2,496
50 a < 100	De 35 a 39 años	Titulares	Hombres	2,195
50 a < 100	De 35 a 39 años	Titulares	Mujeres	301
50 a < 100	De 35 a 39 años	Titulares jefes de explotación	Ambos sexos	2,430
50 a < 100	De 35 a 39 años	Titulares jefes de explotación	Hombres	2,142
50 a < 100	De 35 a 39 años	Titulares jefes de explotación	Mujeres	287
50 a < 100	De 40 a 44 años	Titulares	Ambos sexos	4,673
50 a < 100	De 40 a 44 años	Titulares	Hombres	3,892
50 a < 100	De 40 a 44 años	Titulares	Mujeres	781
50 a < 100	De 40 a 44 años	Titulares jefes de explotación	Ambos sexos	4,464
50 a < 100	De 40 a 44 años	Titulares jefes de explotación	Hombres	3,839
50 a < 100	De 40 a 44 años	Titulares jefes de explotación	Mujeres	625
50 a < 100	De 45 a 49 años	Titulares	Ambos sexos	4,849
50 a < 100	De 45 a 49 años	Titulares	Hombres	3,855
50 a < 100	De 45 a 49 años	Titulares	Mujeres	994
50 a < 100	De 45 a 49 años	Titulares jefes de explotación	Ambos sexos	4,561
50 a < 100	De 45 a 49 años	Titulares jefes de explotación	Hombres	3,744
50 a < 100	De 45 a 49 años	Titulares jefes de explotación	Mujeres	817
50 a < 100	De 50 a 54 años	Titulares	Ambos sexos	6,161
50 a < 100	De 50 a 54 años	Titulares	Hombres	5,029
50 a < 100	De 50 a 54 años	Titulares	Mujeres	1,132
50 a < 100	De 50 a 54 años	Titulares jefes de explotación	Ambos sexos	5,789
50 a < 100	De 50 a 54 años	Titulares jefes de explotación	Hombres	4,945
50 a < 100	De 50 a 54 años	Titulares jefes de explotación	Mujeres	844
50 a < 100	De 55 a 59 años	Titulares	Ambos sexos	5,423
50 a < 100	De 55 a 59 años	Titulares	Hombres	4,344
50 a < 100	De 55 a 59 años	Titulares	Mujeres	1,080
50 a < 100	De 55 a 59 años	Titulares jefes de explotación	Ambos sexos	4,963
50 a < 100	De 55 a 59 años	Titulares jefes de explotación	Hombres	4,160
50 a < 100	De 55 a 59 años	Titulares jefes de explotación	Mujeres	803
50 a < 100	De 60 a 64 años	Titulares	Ambos sexos	4,859
50 a < 100	De 60 a 64 años	Titulares	Hombres	3,795
50 a < 100	De 60 a 64 años	Titulares	Mujeres	1,063
50 a < 100	De 60 a 64 años	Titulares jefes de explotación	Ambos sexos	4,442
50 a < 100	De 60 a 64 años	Titulares jefes de explotación	Hombres	3,646
50 a < 100	De 60 a 64 años	Titulares jefes de explotación	Mujeres	795
50 a < 100	De 65 años y más	Titulares	Ambos sexos	10,548
50 a < 100	De 65 años y más	Titulares	Hombres	7,142
50 a < 100	De 65 años y más	Titulares	Mujeres	3,406
50 a < 100	De 65 años y más	Titulares jefes de explotación	Ambos sexos	7,314
50 a < 100	De 65 años y más	Titulares jefes de explotación	Hombres	5,573
50 a < 100	De 65 años y más	Titulares jefes de explotación	Mujeres	1,740
>=100	Todas las edades	Titulares	Ambos sexos	35,525
>=100	Todas las edades	Titulares	Hombres	29,430
>=100	Todas las edades	Titulares	Mujeres	6,095
>=100	Todas las edades	Titulares jefes de explotación	Ambos sexos	32,324
>=100	Todas las edades	Titulares jefes de explotación	Hombres	28,051
>=100	Todas las edades	Titulares jefes de explotación	Mujeres	4,273
>=100	Menos de 25 años	Titulares	Ambos sexos	126
>=100	Menos de 25 años	Titulares	Hombres	108
>=100	Menos de 25 años	Titulares	Mujeres	18
>=100	Menos de 25 años	Titulares jefes de explotación	Ambos sexos	124
>=100	Menos de 25 años	Titulares jefes de explotación	Hombres	108
>=100	Menos de 25 años	Titulares jefes de explotación	Mujeres	16
>=100	De 25 a 29 años	Titulares	Ambos sexos	573
>=100	De 25 a 29 años	Titulares	Hombres	537
>=100	De 25 a 29 años	Titulares	Mujeres	36
>=100	De 25 a 29 años	Titulares jefes de explotación	Ambos sexos	555
>=100	De 25 a 29 años	Titulares jefes de explotación	Hombres	535
>=100	De 25 a 29 años	Titulares jefes de explotación	Mujeres	20
>=100	De 30 a 34 años	Titulares	Ambos sexos	1,427
>=100	De 30 a 34 años	Titulares	Hombres	1,323
>=100	De 30 a 34 años	Titulares	Mujeres	104
>=100	De 30 a 34 años	Titulares jefes de explotación	Ambos sexos	1,381
>=100	De 30 a 34 años	Titulares jefes de explotación	Hombres	1,286
>=100	De 30 a 34 años	Titulares jefes de explotación	Mujeres	95
>=100	De 35 a 39 años	Titulares	Ambos sexos	2,504
>=100	De 35 a 39 años	Titulares	Hombres	2,250
>=100	De 35 a 39 años	Titulares	Mujeres	254
>=100	De 35 a 39 años	Titulares jefes de explotación	Ambos sexos	2,433
>=100	De 35 a 39 años	Titulares jefes de explotación	Hombres	2,207
>=100	De 35 a 39 años	Titulares jefes de explotación	Mujeres	225
>=100	De 40 a 44 años	Titulares	Ambos sexos	4,351
>=100	De 40 a 44 años	Titulares	Hombres	3,831
>=100	De 40 a 44 años	Titulares	Mujeres	520
>=100	De 40 a 44 años	Titulares jefes de explotación	Ambos sexos	4,213
>=100	De 40 a 44 años	Titulares jefes de explotación	Hombres	3,790
>=100	De 40 a 44 años	Titulares jefes de explotación	Mujeres	422
>=100	De 45 a 49 años	Titulares	Ambos sexos	5,006
>=100	De 45 a 49 años	Titulares	Hombres	4,339
>=100	De 45 a 49 años	Titulares	Mujeres	668
>=100	De 45 a 49 años	Titulares jefes de explotación	Ambos sexos	4,866
>=100	De 45 a 49 años	Titulares jefes de explotación	Hombres	4,292
>=100	De 45 a 49 años	Titulares jefes de explotación	Mujeres	574
>=100	De 50 a 54 años	Titulares	Ambos sexos	6,067
>=100	De 50 a 54 años	Titulares	Hombres	5,316
>=100	De 50 a 54 años	Titulares	Mujeres	750
>=100	De 50 a 54 años	Titulares jefes de explotación	Ambos sexos	5,865
>=100	De 50 a 54 años	Titulares jefes de explotación	Hombres	5,218
>=100	De 50 a 54 años	Titulares jefes de explotación	Mujeres	647
>=100	De 55 a 59 años	Titulares	Ambos sexos	4,254
>=100	De 55 a 59 años	Titulares	Hombres	3,659
>=100	De 55 a 59 años	Titulares	Mujeres	595
>=100	De 55 a 59 años	Titulares jefes de explotación	Ambos sexos	4,020
>=100	De 55 a 59 años	Titulares jefes de explotación	Hombres	3,544
>=100	De 55 a 59 años	Titulares jefes de explotación	Mujeres	476
>=100	De 60 a 64 años	Titulares	Ambos sexos	4,625
>=100	De 60 a 64 años	Titulares	Hombres	3,788
>=100	De 60 a 64 años	Titulares	Mujeres	838
>=100	De 60 a 64 años	Titulares jefes de explotación	Ambos sexos	4,329
>=100	De 60 a 64 años	Titulares jefes de explotación	Hombres	3,666
>=100	De 60 a 64 años	Titulares jefes de explotación	Mujeres	664
>=100	De 65 años y más	Titulares	Ambos sexos	6,593
>=100	De 65 años y más	Titulares	Hombres	4,279
>=100	De 65 años y más	Titulares	Mujeres	2,314
>=100	De 65 años y más	Titulares jefes de explotación	Ambos sexos	4,539
>=100	De 65 años y más	Titulares jefes de explotación	Hombres	3,405
>=100	De 65 años y más	Titulares jefes de explotación	Mujeres	1,134
